{"stats":{"minecraft:custom":{"minecraft:jump":68,"minecraft:time_since_rest":35300,"minecraft:crouch_one_cm":38,"minecraft:leave_game":1,"minecraft:play_time":35300,"minecraft:sprint_one_cm":35588,"minecraft:time_since_death":35300,"minecraft:walk_one_cm":14736,"minecraft:sneak_time":17,"minecraft:total_world_time":35300,"minecraft:climb_one_cm":80,"minecraft:talked_to_villager":1,"minecraft:fall_one_cm":1161,"minecraft:fly_one_cm":39980},"minecraft:used":{"alexsmobs:animal_dictionary":2}},"DataVersion":2975}