{"stats":{"minecraft:picked_up":{"minecraft:dirt":4},"minecraft:custom":{"minecraft:jump":43,"minecraft:time_since_rest":8927,"minecraft:leave_game":1,"minecraft:play_time":8927,"minecraft:crouch_one_cm":396,"lootr:looted_stat":1,"minecraft:sprint_one_cm":8189,"minecraft:time_since_death":8927,"minecraft:walk_on_water_one_cm":1558,"minecraft:walk_one_cm":15598,"minecraft:sneak_time":135,"minecraft:total_world_time":8927,"minecraft:climb_one_cm":100,"minecraft:fall_one_cm":1544,"minecraft:fly_one_cm":9980},"minecraft:used":{"minecraft:dirt":4},"minecraft:mined":{"minecraft:grass_block":4}},"DataVersion":2975}