{"stats":{"minecraft:custom":{"minecraft:jump":43,"minecraft:time_since_rest":18882,"minecraft:crouch_one_cm":38,"minecraft:leave_game":1,"minecraft:sprint_one_cm":31631,"minecraft:play_time":18882,"minecraft:time_since_death":18882,"minecraft:walk_one_cm":12250,"minecraft:sneak_time":17,"minecraft:climb_one_cm":80,"minecraft:total_world_time":18882,"minecraft:talked_to_villager":1,"minecraft:fall_one_cm":685,"minecraft:fly_one_cm":22994},"minecraft:used":{"alexsmobs:animal_dictionary":2}},"DataVersion":2975}